id;first_name;last_name;email;gender;ip_address
1;Zebadiah;Oxborrow;zoxborrow0@nifty.com;Male;45.26.204.17
2;Corrina;Hembrow;chembrow1@weather.com;Female;154.136.139.51
3;Catherin;Esser;cesser2@studiopress.com;Female;72.26.100.108
4;Huntington;Oakden;hoakden3@mac.com;Male;15.134.4.101
5;Myrtice;Taggart;mtaggart4@cisco.com;Non-binary;98.58.98.199
6;Goldie;Jayme;gjayme5@eventbrite.com;Female;182.73.241.163
7;Buddie;Quilleash;bquilleash6@barnesandnoble.com;Male;53.2.98.171
8;Ethelred;Crebo;ecrebo7@dedecms.com;Genderqueer;105.160.97.29
9;Delcina;Starking;dstarking8@techcrunch.com;Female;231.217.6.52
10;Brandyn;Wharfe;bwharfe9@so-net.ne.jp;Male;11.142.122.208
11;Karen;Flavelle;kflavellea@ucsd.edu;Female;72.103.174.231
12;Jannel;Wayvill;jwayvillb@ted.com;Female;229.117.190.206
13;Celka;Lipprose;clipprosec@php.net;Female;182.53.106.222
14;Crichton;Spalton;cspaltond@oakley.com;Male;228.215.144.213
15;Basil;McTear;bmcteare@marketwatch.com;Male;233.169.81.2
16;Nonah;Le febre;nlefebref@si.edu;Female;7.110.28.30
17;Aloin;Elvish;aelvishg@ebay.com;Agender;209.62.105.245
18;Madelene;Kleinerman;mkleinermanh@cam.ac.uk;Female;107.233.118.6
19;Derrick;Nagle;dnaglei@dailymotion.com;Male;208.185.224.34
20;Evey;Needs;eneedsj@dedecms.com;Female;59.238.90.154
21;Clare;Redd;creddk@skype.com;Female;122.24.160.1
22;Gennifer;Thirsk;gthirskl@edublogs.org;Female;132.104.183.158
23;Randa;Clemenceau;rclemenceaum@photobucket.com;Female;86.144.223.221
24;Moshe;Lidington;mlidingtonn@economist.com;Male;39.103.160.219
25;Langston;Ranscome;lranscomeo@hp.com;Male;118.30.148.77
26;Richart;Cuniam;rcuniamp@seattletimes.com;Male;53.163.200.43
27;Lawton;Beedham;lbeedhamq@sphinn.com;Male;172.140.86.114
28;Barret;Simao;bsimaor@feedburner.com;Male;55.250.12.16
29;Jimmy;Dunton;jduntons@symantec.com;Male;4.156.179.228
30;Alexa;Walker;awalkert@bravesites.com;Female;36.156.100.177
31;Blair;Gowan;bgowanu@dell.com;Female;197.50.167.78
32;Letisha;Degue;ldeguev@dropbox.com;Female;144.185.191.250
33;Clem;Fowells;cfowellsw@tinypic.com;Male;175.56.69.45
34;Pren;Smitton;psmittonx@fda.gov;Male;177.108.198.200
35;Alica;Synder;asyndery@arstechnica.com;Female;180.254.147.10
36;Garrott;Lippi;glippiz@adobe.com;Male;8.97.242.244
37;Jacquelyn;Scullin;jscullin10@baidu.com;Female;101.18.132.26
38;Leela;Early;learly11@nifty.com;Female;2.193.244.203
39;Vanda;Keijser;vkeijser12@mashable.com;Female;4.238.104.139
40;Udell;Soar;usoar13@clickbank.net;Male;130.153.111.4
41;Josie;Leser;jleser14@biglobe.ne.jp;Female;85.23.39.90
42;Brook;Kennaird;bkennaird15@myspace.com;Female;239.133.245.83
43;Lynna;Attow;lattow16@list-manage.com;Female;139.40.33.234
44;Deeyn;Lydiard;dlydiard17@blinklist.com;Female;31.174.57.255
45;Francklyn;Ashelford;fashelford18@networksolutions.com;Male;81.250.22.214
46;Lezlie;Rapp;lrapp19@moonfruit.com;Female;199.50.13.67
47;Malanie;Laurenz;mlaurenz1a@bigcartel.com;Female;225.54.181.155
48;Fifi;Thirlwall;fthirlwall1b@godaddy.com;Female;96.41.67.122
49;Percy;Learned;plearned1c@addtoany.com;Male;241.252.242.158
50;Minta;Shearsby;mshearsby1d@parallels.com;Female;217.103.13.248
51;Melessa;Readings;mreadings1e@gravatar.com;Female;90.199.130.128
52;Alastair;Adnam;aadnam1f@so-net.ne.jp;Genderfluid;25.58.21.36
53;Pate;Alderman;palderman1g@storify.com;Male;190.2.152.53
54;Conan;Klyn;cklyn1h@uiuc.edu;Male;206.26.148.1
55;Lilli;Rymer;lrymer1i@fda.gov;Female;102.2.66.148
56;Sadie;Curro;scurro1j@mayoclinic.com;Bigender;157.179.124.71
57;Mariann;Hurdedge;mhurdedge1k@nbcnews.com;Female;77.153.199.106
58;Aleksandr;Woolford;awoolford1l@etsy.com;Male;5.80.245.136
59;Tessie;Morling;tmorling1m@japanpost.jp;Female;45.151.74.69
60;Ransell;Calcutt;rcalcutt1n@nasa.gov;Male;245.126.76.148
61;Thalia;Crommett;tcrommett1o@google.it;Agender;142.227.170.28
62;Donia;Sheran;dsheran1p@goo.ne.jp;Female;246.93.200.218
63;Arden;Burrett;aburrett1q@engadget.com;Female;171.242.62.118
64;Nikolas;Petrashov;npetrashov1r@altervista.org;Male;248.182.144.3
65;Marcia;Tunaclift;mtunaclift1s@digg.com;Female;111.24.97.224
66;Rolf;Feaver;rfeaver1t@baidu.com;Male;148.135.215.195
67;Skell;Alastair;salastair1u@wp.com;Male;232.149.25.160
68;Wren;Quincey;wquincey1v@arizona.edu;Female;241.226.171.95
69;Joby;Kirlin;jkirlin1w@wufoo.com;Female;39.51.222.191
70;Ransom;Schwaiger;rschwaiger1x@omniture.com;Male;2.9.60.3
71;Anni;Keating;akeating1y@blogspot.com;Female;228.64.14.38
72;Salvidor;Huntar;shuntar1z@oaic.gov.au;Male;106.68.186.243
73;Coreen;Willmetts;cwillmetts20@disqus.com;Female;92.124.29.177
74;Daryl;Gleder;dgleder21@engadget.com;Female;107.86.172.145
75;Kimberli;Instock;kinstock22@sitemeter.com;Female;255.76.83.121
76;Pam;Gissing;pgissing23@odnoklassniki.ru;Female;49.52.28.184
77;Berna;Adamson;badamson24@is.gd;Female;165.19.54.163
78;Dianemarie;Purchall;dpurchall25@purevolume.com;Female;105.111.33.75
79;Cchaddie;Maslin;cmaslin26@dmoz.org;Male;161.35.198.75
80;Donnie;Badini;dbadini27@ovh.net;Female;80.244.27.209
81;Olwen;Hutchason;ohutchason28@google.pl;Female;44.25.225.84
82;Emanuel;Kloska;ekloska29@vistaprint.com;Male;89.128.78.225
83;Alanah;Crookshank;acrookshank2a@fastcompany.com;Female;39.40.226.245
84;Cooper;Tittershill;ctittershill2b@virginia.edu;Male;109.8.8.36
85;Norton;McGruar;nmcgruar2c@home.pl;Male;197.81.26.227
86;Shepard;Fosdyke;sfosdyke2d@addtoany.com;Male;197.246.198.182
87;Carmela;Malham;cmalham2e@fema.gov;Polygender;83.102.136.51
88;Gabriello;Brevitt;gbrevitt2f@webmd.com;Male;90.233.217.210
89;Fan;Bearblock;fbearblock2g@blogtalkradio.com;Female;38.4.148.12
90;Rinaldo;Cantera;rcantera2h@goo.gl;Male;78.209.228.68
91;Dru;Iacovucci;diacovucci2i@liveinternet.ru;Female;133.214.243.113
92;Daryn;McInerney;dmcinerney2j@networkadvertising.org;Female;215.198.168.168
93;Sibylle;Ridgwell;sridgwell2k@prlog.org;Female;214.28.42.125
94;Kittie;Happs;khapps2l@time.com;Female;30.188.53.12
95;Petronia;Tourle;ptourle2m@netvibes.com;Female;201.14.30.103
96;Harry;Greenhall;hgreenhall2n@twitter.com;Male;128.114.107.98
97;Janine;Elwel;jelwel2o@wired.com;Female;123.219.197.180
98;Wilbert;Titmarsh;wtitmarsh2p@51.la;Non-binary;123.92.93.83
99;Hamel;Tittershill;htittershill2q@ftc.gov;Male;10.36.0.120
100;Giffard;Golland;ggolland2r@printfriendly.com;Male;1.45.70.86
101;Lindsay;Ledster;lledster2s@ibm.com;Female;4.42.212.125
102;Arlinda;Atyea;aatyea2t@pinterest.com;Female;200.110.224.229
103;Justus;Brahan;jbrahan2u@usgs.gov;Male;16.237.89.88
104;Alysa;Ickowicz;aickowicz2v@vk.com;Female;21.16.202.231
105;Melesa;Pariss;mpariss2w@zdnet.com;Female;4.143.76.183
106;Sissie;Rego;srego2x@paypal.com;Female;204.242.143.129
107;Hana;Madner;hmadner2y@fema.gov;Female;31.97.46.103
108;Chuck;Hyatt;chyatt2z@theatlantic.com;Bigender;125.101.46.133
109;Jaclin;Huscroft;jhuscroft30@trellian.com;Female;57.79.28.11
110;Patty;McLice;pmclice31@google.cn;Female;113.103.70.199
111;Otto;Skypp;oskypp32@jigsy.com;Male;200.90.122.210
112;Mavra;McAsgill;mmcasgill33@bizjournals.com;Polygender;179.167.115.140
113;Shelly;Paliser;spaliser34@dell.com;Female;210.21.96.158
114;Gard;Broxup;gbroxup35@yolasite.com;Male;1.215.69.208
115;Manuel;Tod;mtod36@livejournal.com;Male;1.179.241.204
116;Marietta;Beardsworth;mbeardsworth37@virginia.edu;Non-binary;195.16.86.151
117;Ardra;Fitchell;afitchell38@privacy.gov.au;Female;139.8.133.214
118;Howey;Thomlinson;hthomlinson39@nationalgeographic.com;Bigender;91.131.81.201
119;Rayshell;Eede;reede3a@oakley.com;Female;254.171.154.59
120;Ruby;Siege;rsiege3b@unc.edu;Male;196.209.129.141
121;Berny;Challenor;bchallenor3c@icq.com;Male;125.125.12.44
122;Jocko;Karchewski;jkarchewski3d@mail.ru;Non-binary;104.114.71.249
123;Jorey;Ramsey;jramsey3e@cbsnews.com;Non-binary;229.240.137.234
124;Maxi;Sabberton;msabberton3f@cbsnews.com;Female;71.163.242.22
125;Shannen;Graalman;sgraalman3g@dailymotion.com;Female;225.158.9.1
126;Morgen;Simmins;msimmins3h@oracle.com;Female;4.83.97.3
127;Fayth;Dodgshon;fdodgshon3i@storify.com;Female;59.229.255.55
128;Sayre;Jeaycock;sjeaycock3j@sitemeter.com;Male;165.240.176.148
129;Wallas;Flecknoe;wflecknoe3k@ca.gov;Bigender;167.16.235.29
130;Iris;Dolton;idolton3l@shutterfly.com;Female;90.89.209.251
131;Thaxter;Godfray;tgodfray3m@soup.io;Male;45.67.189.110
132;Tristam;Isselee;tisselee3n@bandcamp.com;Male;137.239.159.80
133;Katalin;Crennan;kcrennan3o@webs.com;Bigender;124.50.203.186
134;Josefina;Perrin;jperrin3p@123-reg.co.uk;Female;202.211.240.141
135;Amalle;Mattock;amattock3q@privacy.gov.au;Female;126.156.97.174
136;Carline;Twort;ctwort3r@kickstarter.com;Female;214.70.58.43
137;Torre;Backman;tbackman3s@examiner.com;Male;170.219.131.119
138;Orran;Derby;oderby3t@army.mil;Male;108.82.157.208
139;Cliff;Loughhead;cloughhead3u@webmd.com;Male;142.82.35.42
140;Ryan;Tiffney;rtiffney3v@nydailynews.com;Male;245.21.194.190
141;Caitlin;Ponsford;cponsford3w@webs.com;Female;127.232.217.72
142;Cynthy;Plant;cplant3x@bigcartel.com;Female;65.114.216.221
143;Dulcy;Cubberley;dcubberley3y@businesswire.com;Female;222.178.29.32
144;Brittany;Bourtoumieux;bbourtoumieux3z@simplemachines.org;Female;110.82.177.12
145;Suzann;Gedney;sgedney40@theguardian.com;Agender;223.141.189.118
146;Joly;Aysh;jaysh41@diigo.com;Female;202.87.51.238
147;Rachael;Perview;rperview42@wikia.com;Female;175.2.2.116
148;Hyatt;Fochs;hfochs43@de.vu;Male;186.80.85.28
149;Nathalie;Granleese;ngranleese44@youtube.com;Female;156.88.129.198
150;Arney;Wilmot;awilmot45@amazonaws.com;Male;116.110.116.216
151;Ozzie;Clemot;oclemot46@51.la;Genderqueer;192.46.86.238
152;Everard;Bogey;ebogey47@businessinsider.com;Male;63.86.116.131
153;Krystalle;Jobey;kjobey48@blogger.com;Female;31.142.44.223
154;Mallissa;Lelande;mlelande49@usatoday.com;Female;114.96.204.175
155;Egbert;Mazzia;emazzia4a@cocolog-nifty.com;Male;229.181.136.17
156;Travis;Harpur;tharpur4b@narod.ru;Male;192.234.195.48
157;Brent;Osband;bosband4c@example.com;Male;240.59.190.186
158;Matilde;Kornilov;mkornilov4d@hugedomains.com;Female;81.137.141.235
159;Salvador;McTeer;smcteer4e@yandex.ru;Male;227.112.86.121
160;Cacilie;Asser;casser4f@goo.gl;Female;250.226.204.56
161;Bonni;Hauck;bhauck4g@hc360.com;Female;133.25.136.73
162;Joya;Surpliss;jsurpliss4h@wsj.com;Female;44.54.203.44
163;Des;Spires;dspires4i@discovery.com;Male;84.21.91.129
164;Elbert;Le Noir;elenoir4j@cocolog-nifty.com;Male;65.77.165.137
165;Cele;Petty;cpetty4k@msn.com;Female;232.76.9.196
166;Daloris;Fantham;dfantham4l@comsenz.com;Non-binary;118.104.21.220
167;Gigi;Tanser;gtanser4m@amazon.co.uk;Female;212.74.189.209
168;Ronica;Imeson;rimeson4n@google.com.hk;Female;255.227.25.245
169;Cassy;Sleigh;csleigh4o@dion.ne.jp;Female;54.22.244.119
170;Winslow;Kippin;wkippin4p@businessinsider.com;Male;88.129.34.73
171;Alisa;Abella;aabella4q@google.co.uk;Female;167.217.169.159
172;Joelly;Mollatt;jmollatt4r@jigsy.com;Female;49.55.110.209
173;Tanner;Emanuelov;temanuelov4s@constantcontact.com;Male;71.244.183.228
174;Martainn;Rojas;mrojas4t@yellowpages.com;Male;175.193.239.221
175;Arni;Standell;astandell4u@walmart.com;Male;253.213.171.212
176;Chrysa;Jerrim;cjerrim4v@google.it;Female;9.58.175.162
177;Jeramie;Fackrell;jfackrell4w@google.pl;Male;125.155.117.65
178;Booth;Atrill;batrill4x@nbcnews.com;Male;215.251.49.121
179;Mara;Landre;mlandre4y@exblog.jp;Non-binary;5.131.132.167
180;Isabeau;Wakelin;iwakelin4z@ebay.com;Female;51.223.104.88
181;Anne-corinne;Gosling;agosling50@webs.com;Female;83.172.121.144
182;Kyle;Wyeth;kwyeth51@discovery.com;Male;68.64.152.203
183;Patricio;Yackiminie;pyackiminie52@blogspot.com;Male;197.198.21.131
184;Jinny;Vignal;jvignal53@dailymotion.com;Female;241.62.19.198
185;Ewell;Munehay;emunehay54@amazon.co.uk;Male;249.158.227.143
186;Beverie;Schulz;bschulz55@nhs.uk;Polygender;194.229.26.127
187;Mata;Rubes;mrubes56@wiley.com;Male;218.158.28.245
188;Pearl;Zecchii;pzecchii57@nydailynews.com;Female;249.5.58.194
189;Ken;Feron;kferon58@scribd.com;Male;170.211.71.147
190;Clive;Dorward;cdorward59@accuweather.com;Male;158.152.159.22
191;Kyle;Pollock;kpollock5a@elpais.com;Male;68.176.56.212
192;Maxim;Bodechon;mbodechon5b@mozilla.com;Male;9.112.102.100
193;Adria;Mathieu;amathieu5c@uol.com.br;Female;61.122.65.252
194;Webb;Overpool;woverpool5d@fastcompany.com;Male;213.182.64.6
195;Chevalier;Hazlewood;chazlewood5e@jiathis.com;Male;158.132.227.81
196;Richmound;Danielli;rdanielli5f@blogspot.com;Male;214.93.84.235
197;Cissy;Jeffels;cjeffels5g@ftc.gov;Female;37.211.230.205
198;Perla;Champness;pchampness5h@bravesites.com;Female;110.196.17.50
199;Gearard;Dandison;gdandison5i@diigo.com;Male;181.143.203.1
200;Alphonse;Godin;agodin5j@bigcartel.com;Male;112.50.75.234
201;Edvard;Port;eport5k@networksolutions.com;Male;10.145.165.182
202;Clarine;Wolfer;cwolfer5l@squidoo.com;Female;88.33.80.211
203;Alf;Cleyburn;acleyburn5m@acquirethisname.com;Male;162.97.95.31
204;Malcolm;Licciardo;mlicciardo5n@toplist.cz;Male;180.82.155.109
205;Danna;Gaenor;dgaenor5o@stumbleupon.com;Female;6.79.230.86
206;Gabi;Farrants;gfarrants5p@bluehost.com;Male;28.22.67.49
207;Hedi;Sheivels;hsheivels5q@yahoo.com;Female;105.104.37.4
208;Nickolas;Parlatt;nparlatt5r@nytimes.com;Male;237.103.83.50
209;Seka;Notti;snotti5s@mapy.cz;Female;184.114.141.51
210;Bianka;Vecard;bvecard5t@tuttocitta.it;Female;42.30.191.146
211;Virginie;Bernadzki;vbernadzki5u@unicef.org;Female;155.11.205.226
212;Flem;Beacon;fbeacon5v@ca.gov;Male;211.204.79.113
213;Cassie;Comusso;ccomusso5w@hhs.gov;Male;248.68.255.152
214;Mallory;Spears;mspears5x@soundcloud.com;Polygender;245.0.233.73
215;Irving;Webbe;iwebbe5y@163.com;Genderqueer;237.121.149.164
216;Babette;Clough;bclough5z@4shared.com;Non-binary;188.107.157.6
217;Hannah;Juan;hjuan60@constantcontact.com;Female;15.34.84.53
218;Clair;Grzeskowski;cgrzeskowski61@is.gd;Male;73.168.215.15
219;Adina;Kenneway;akenneway62@godaddy.com;Female;58.32.90.157
220;Mackenzie;Prettejohns;mprettejohns63@gizmodo.com;Male;237.73.74.57
221;Josefina;Blackmore;jblackmore64@chicagotribune.com;Female;227.149.250.7
222;Leia;Creenan;lcreenan65@clickbank.net;Female;55.112.178.37
223;Stafani;Ivanishin;sivanishin66@ucoz.ru;Female;165.161.99.75
224;Reinwald;Skeeles;rskeeles67@ustream.tv;Non-binary;252.211.97.147
225;Gawen;Bessett;gbessett68@geocities.com;Male;176.210.40.62
226;Elliott;Karus;ekarus69@facebook.com;Non-binary;219.60.14.166
227;Wenona;Macey;wmacey6a@ustream.tv;Female;51.223.22.27
228;Jamie;Nichols;jnichols6b@statcounter.com;Female;34.4.68.181
229;Marthe;Tappington;mtappington6c@delicious.com;Female;122.158.223.191
230;Francklin;Zotto;fzotto6d@livejournal.com;Agender;166.5.74.124
231;Risa;Devaney;rdevaney6e@unesco.org;Female;236.218.81.87
232;Helenka;Suttaby;hsuttaby6f@alibaba.com;Bigender;138.223.127.139
233;Doug;Kerner;dkerner6g@sitemeter.com;Male;241.205.169.218
234;Verene;Pero;vpero6h@alibaba.com;Female;187.138.122.121
235;Avram;Hully;ahully6i@ox.ac.uk;Male;87.123.155.92
236;Deonne;Lujan;dlujan6j@gizmodo.com;Bigender;160.244.184.24
237;Willard;Lottrington;wlottrington6k@themeforest.net;Male;8.129.134.177
238;Dame;Adriano;dadriano6l@acquirethisname.com;Male;6.173.183.168
239;Herby;Weall;hweall6m@cyberchimps.com;Male;3.230.44.106
240;Skippie;O'Doran;sodoran6n@edublogs.org;Male;249.108.122.122
241;Bekki;Highwood;bhighwood6o@discovery.com;Female;7.196.76.227
242;Merla;Mochar;mmochar6p@plala.or.jp;Female;18.198.60.194
243;Raphael;Comsty;rcomsty6q@oaic.gov.au;Agender;110.52.24.151
244;Abbie;Ring;aring6r@drupal.org;Male;185.225.174.224
245;Rozella;Arthars;rarthars6s@google.co.uk;Female;52.141.87.102
246;Reggie;Wesson;rwesson6t@tmall.com;Female;146.139.131.10
247;Averill;Mathiassen;amathiassen6u@state.gov;Male;114.72.105.102
248;Dreddy;Hainge;dhainge6v@blogs.com;Female;84.57.97.19
249;Malina;Thynne;mthynne6w@sciencedirect.com;Female;73.72.91.252
250;Ferguson;Semmens;fsemmens6x@pagesperso-orange.fr;Male;163.104.59.237
251;Job;Rosendorf;jrosendorf6y@homestead.com;Male;242.109.13.210
252;Jedd;Muffin;jmuffin6z@gmpg.org;Male;235.239.33.243
253;Calli;Reeds;creeds70@storify.com;Female;253.45.37.125
254;Delia;Folger;dfolger71@japanpost.jp;Female;53.26.87.83
255;Rickey;Petroff;rpetroff72@phpbb.com;Male;34.46.78.23
256;Orran;McLukie;omclukie73@newsvine.com;Male;179.238.54.227
257;Moreen;Jansik;mjansik74@statcounter.com;Female;88.243.248.26
258;Sterne;Vidloc;svidloc75@wsj.com;Male;93.163.68.168
259;Aldo;Portch;aportch76@berkeley.edu;Male;174.7.211.242
260;Manny;Lambourn;mlambourn77@soundcloud.com;Male;68.208.234.150
261;Dale;Bulcroft;dbulcroft78@vistaprint.com;Female;117.124.21.117
262;Nikolai;Titheridge;ntitheridge79@stumbleupon.com;Genderqueer;171.92.226.26
263;Berty;Brittin;bbrittin7a@elegantthemes.com;Male;129.230.143.24
264;Lolita;Marxsen;lmarxsen7b@multiply.com;Female;145.34.220.241
265;Gillan;Levis;glevis7c@jiathis.com;Female;124.84.252.47
266;Dyna;Orrell;dorrell7d@yelp.com;Female;200.254.159.127
267;Cortie;Vasilchikov;cvasilchikov7e@techcrunch.com;Male;89.58.236.240
268;Illa;Baynes;ibaynes7f@cmu.edu;Female;203.104.54.91
269;Sibelle;Kerwen;skerwen7g@github.io;Female;101.81.37.220
270;Lea;Jelliman;ljelliman7h@linkedin.com;Female;49.202.138.220
271;Tab;Labbe;tlabbe7i@rambler.ru;Male;216.172.160.220
272;Gray;Feldhuhn;gfeldhuhn7j@jimdo.com;Bigender;198.201.139.95
273;Horton;Mc Corley;hmccorley7k@last.fm;Male;122.157.204.119
274;Zelig;Bonnesen;zbonnesen7l@mediafire.com;Male;188.77.171.53
275;Barrie;Eads;beads7m@usgs.gov;Female;17.225.124.54
276;Logan;Jiroutek;ljiroutek7n@meetup.com;Male;37.177.84.17
277;Bealle;Cosans;bcosans7o@prweb.com;Male;206.236.12.70
278;Oralle;Dome;odome7p@goo.gl;Female;165.56.97.241
279;Catriona;Rosenzwig;crosenzwig7q@liveinternet.ru;Female;72.160.193.152
280;Kamillah;Itshak;kitshak7r@ask.com;Agender;145.11.31.233
281;Sheena;Mish;smish7s@deliciousdays.com;Female;242.135.199.115
282;Cobby;Hoffner;choffner7t@ehow.com;Male;158.209.168.98
283;Stephen;Carnall;scarnall7u@businessinsider.com;Male;69.26.73.203
284;Elvyn;Boulds;eboulds7v@wikispaces.com;Male;229.173.8.247
285;Bendix;Trillo;btrillo7w@webeden.co.uk;Male;32.74.156.211
286;Adams;Odams;aodams7x@sina.com.cn;Male;241.220.153.107
287;Rahel;Yesipov;ryesipov7y@rakuten.co.jp;Female;87.131.116.23
288;Wrennie;Ferrie;wferrie7z@icio.us;Female;240.54.5.21
289;Tremaine;Weiner;tweiner80@seattletimes.com;Male;12.163.49.101
290;Garner;Penketh;gpenketh81@marriott.com;Male;177.210.198.10
291;North;Dudding;ndudding82@narod.ru;Bigender;178.123.74.12
292;Laetitia;Laverenz;llaverenz83@unc.edu;Female;122.8.0.144
293;Coletta;Latus;clatus84@opera.com;Female;150.198.93.255
294;Hillier;Garlic;hgarlic85@prlog.org;Male;28.47.184.17
295;Timmy;Hesser;thesser86@networkadvertising.org;Female;127.122.195.154
296;Lil;Faulconer;lfaulconer87@examiner.com;Female;126.132.165.219
297;Zandra;Lamlin;zlamlin88@economist.com;Female;126.108.247.234
298;Florinda;Liver;fliver89@skype.com;Female;110.104.125.202
299;Michaeline;Perrone;mperrone8a@aol.com;Female;8.245.175.22
300;Kelley;Overnell;kovernell8b@prlog.org;Male;238.95.75.23
301;Maude;Quinane;mquinane8c@vimeo.com;Female;115.187.45.159
302;Truda;Stebbings;tstebbings8d@dailymotion.com;Female;145.33.195.136
303;Ximenez;Gallyhaock;xgallyhaock8e@dedecms.com;Male;21.134.110.205
304;Lydon;Arthurs;larthurs8f@shinystat.com;Male;113.196.10.91
305;Cleon;Scanlan;cscanlan8g@telegraph.co.uk;Male;82.155.84.203
306;Brook;Bolan;bbolan8h@usnews.com;Female;85.110.173.195
307;Myron;Grzeskowski;mgrzeskowski8i@yellowbook.com;Male;141.166.61.31
308;Dick;Sykora;dsykora8j@hubpages.com;Male;219.142.213.163
309;Benton;Harfleet;bharfleet8k@redcross.org;Agender;17.151.224.219
310;Marielle;Stadden;mstadden8l@jiathis.com;Female;15.174.222.191
311;Lucho;Benettolo;lbenettolo8m@marketwatch.com;Male;1.223.148.64
312;Cathi;Ateggart;categgart8n@time.com;Female;137.136.117.156
313;Lemmie;Doughartie;ldoughartie8o@theglobeandmail.com;Male;79.139.162.43
314;Parke;Kmiec;pkmiec8p@github.io;Male;230.169.227.115
315;Sibyl;Gunner;sgunner8q@ow.ly;Female;107.78.221.158
316;Dorothee;Beaman;dbeaman8r@accuweather.com;Female;212.251.58.112
317;Demetrius;Lait;dlait8s@eventbrite.com;Male;57.125.32.215
318;Tiphany;Huntar;thuntar8t@vimeo.com;Female;101.95.201.83
319;Bee;Leader;bleader8u@state.tx.us;Agender;181.201.19.111
320;Clarke;Louis;clouis8v@purevolume.com;Male;94.239.98.60
321;Rona;Benting;rbenting8w@examiner.com;Female;200.15.69.9
322;Dunn;Parkins;dparkins8x@dailymail.co.uk;Male;230.242.211.49
323;Vin;Curror;vcurror8y@auda.org.au;Male;191.139.13.193
324;Perceval;Christall;pchristall8z@google.co.uk;Male;196.54.123.203
325;Franny;Anders;fanders90@linkedin.com;Male;68.41.94.244
326;Noach;Ruddom;nruddom91@redcross.org;Male;183.55.15.23
327;Morrie;Stonman;mstonman92@qq.com;Male;9.172.246.83
328;Alphard;Ping;aping93@europa.eu;Male;54.124.30.121
329;Meir;Crewe;mcrewe94@shutterfly.com;Male;95.86.158.100
330;Townie;MacPhaden;tmacphaden95@surveymonkey.com;Male;17.6.134.78
331;Bettye;Harcus;bharcus96@tinyurl.com;Non-binary;251.61.64.220
332;Norton;Verdie;nverdie97@tripod.com;Male;8.66.195.62
333;Caria;Edmondson;cedmondson98@so-net.ne.jp;Female;17.210.204.26
334;Gawen;Warlow;gwarlow99@cornell.edu;Male;13.89.96.40
335;Wittie;Daubeny;wdaubeny9a@npr.org;Male;240.229.34.114
336;Samson;Ormiston;sormiston9b@baidu.com;Male;72.121.176.198
337;Charlton;Greeveson;cgreeveson9c@parallels.com;Male;101.147.218.97
338;Therine;Oxbie;toxbie9d@va.gov;Female;200.109.143.228
339;Belita;Kilfoyle;bkilfoyle9e@tinyurl.com;Female;119.158.143.147
340;Midge;Tolcher;mtolcher9f@theatlantic.com;Female;214.175.187.183
341;Dot;Hupe;dhupe9g@opera.com;Female;223.27.147.74
342;Corry;Wolstencroft;cwolstencroft9h@java.com;Female;228.8.141.14
343;Ebenezer;Mynett;emynett9i@nydailynews.com;Male;110.193.51.194
344;Hamel;Emmert;hemmert9j@sogou.com;Male;82.155.151.105
345;Marris;Coppens;mcoppens9k@gmpg.org;Female;6.111.7.60
346;Cristionna;Lattey;clattey9l@about.com;Polygender;5.226.139.246
347;Trudey;Grundell;tgrundell9m@cnet.com;Female;127.249.189.18
348;Hilliary;Corradino;hcorradino9n@slate.com;Female;87.110.81.120
349;Jazmin;Dripp;jdripp9o@craigslist.org;Female;31.125.186.114
350;Salli;Rowledge;srowledge9p@bandcamp.com;Female;112.253.87.39
351;Olin;Minall;ominall9q@rambler.ru;Male;210.129.237.77
352;Jedidiah;Trethewey;jtrethewey9r@loc.gov;Male;107.23.114.159
353;Allsun;Yurenev;ayurenev9s@dailymail.co.uk;Female;195.241.106.151
354;Kent;Lates;klates9t@oracle.com;Male;117.170.95.222
355;Dorey;Foort;dfoort9u@so-net.ne.jp;Male;200.129.220.247
356;Eddy;Philipsohn;ephilipsohn9v@wiley.com;Female;96.62.18.254
357;Averil;O Mullen;aomullen9w@gravatar.com;Male;79.136.151.28
358;Dodie;Arton;darton9x@vkontakte.ru;Female;129.253.65.72
359;Delano;Hacksby;dhacksby9y@fda.gov;Male;84.252.81.230
360;Yetta;Eyton;yeyton9z@oakley.com;Female;90.177.140.132
361;Evangeline;Chaikovski;echaikovskia0@ameblo.jp;Female;113.111.33.210
362;Alisun;Karleman;akarlemana1@networkadvertising.org;Female;218.54.56.255
363;Andres;Busen;abusena2@ucsd.edu;Male;34.14.112.112
364;Jemie;Revie;jreviea3@blogspot.com;Genderfluid;172.16.247.191
365;Skipton;Kidstone;skidstonea4@loc.gov;Male;153.85.33.16
366;Eric;Bracer;ebracera5@uol.com.br;Male;213.125.24.11
367;Rebeca;Mugleston;rmuglestona6@barnesandnoble.com;Female;139.36.34.87
368;Pennie;Winwright;pwinwrighta7@cdbaby.com;Male;195.212.253.147
369;Emelia;Haslegrave;ehaslegravea8@e-recht24.de;Female;21.52.245.231
370;Don;Chugg;dchugga9@independent.co.uk;Male;37.40.25.27
371;Lucila;Palfrey;lpalfreyaa@quantcast.com;Female;205.92.62.118
372;Allix;Jodlowski;ajodlowskiab@howstuffworks.com;Female;85.105.139.192
373;Kristel;Kurtis;kkurtisac@vinaora.com;Bigender;64.169.22.46
374;Jenilee;Traite;jtraitead@amazon.de;Female;171.58.60.193
375;Royall;Corre;rcorreae@unicef.org;Male;10.240.167.34
376;Adella;McKeighen;amckeighenaf@cyberchimps.com;Female;122.181.181.15
377;Isa;Dessaur;idessaurag@aboutads.info;Male;160.35.144.240
378;Tressa;Kerne;tkerneah@narod.ru;Female;90.38.188.19
379;Erny;Hannigan;ehanniganai@soup.io;Male;108.7.33.158
380;Ches;Furlonge;cfurlongeaj@newyorker.com;Male;172.237.147.39
381;Lonny;Bellsham;lbellshamak@amazon.com;Male;47.246.134.37
382;Ellynn;Brunon;ebrunonal@newyorker.com;Female;117.16.241.52
383;Alix;Gulleford;agullefordam@bloglines.com;Female;197.71.202.51
384;Shae;Sowley;ssowleyan@icio.us;Male;205.123.249.54
385;Philippe;Farrin;pfarrinao@4shared.com;Female;127.55.96.128
386;Gigi;Benoey;gbenoeyap@mashable.com;Female;25.141.88.173
387;Jimmy;Casseldine;jcasseldineaq@addthis.com;Male;226.17.171.174
388;Clem;Blaney;cblaneyar@51.la;Male;253.154.55.134
389;Kris;Rodell;krodellas@amazon.com;Female;9.133.101.162
390;Linda;Lipsett;llipsettat@newyorker.com;Female;227.228.128.232
391;Isiahi;McGarrell;imcgarrellau@mayoclinic.com;Male;184.80.184.89
392;Dasha;Probate;dprobateav@cdc.gov;Female;16.238.32.127
393;Isis;Bouzan;ibouzanaw@bravesites.com;Genderqueer;111.70.87.113
394;Sherlocke;Lebell;slebellax@ask.com;Male;203.53.120.206
395;Goober;Moodie;gmoodieay@dropbox.com;Male;222.119.206.165
396;Kalil;Cremin;kcreminaz@last.fm;Male;120.103.117.188
397;Augie;Hambrook;ahambrookb0@upenn.edu;Male;83.21.6.60
398;Rebecka;Merrison;rmerrisonb1@bluehost.com;Female;224.202.213.211
399;Haven;Penhalurick;hpenhalurickb2@bloglines.com;Male;1.64.224.111
400;Wainwright;Cragg;wcraggb3@typepad.com;Male;20.244.51.201
401;Anastassia;Torbet;atorbetb4@gravatar.com;Female;105.19.91.35
402;Molli;Walworche;mwalworcheb5@boston.com;Female;167.159.201.196
403;Glynis;Prazor;gprazorb6@noaa.gov;Female;199.140.224.226
404;Madalyn;Twelftree;mtwelftreeb7@shareasale.com;Female;173.116.241.229
405;Leicester;Mattimoe;lmattimoeb8@bbc.co.uk;Male;103.182.122.144
406;Abbey;Dohrmann;adohrmannb9@g.co;Male;30.124.157.24
407;Lucius;Eynaud;leynaudba@lulu.com;Male;180.152.44.16
408;Alphonso;Isson;aissonbb@slate.com;Agender;56.220.181.98
409;Lianne;De Paoli;ldepaolibc@smh.com.au;Female;206.164.218.181
410;Bail;Parham;bparhambd@wiley.com;Agender;115.159.253.187
411;Alvis;Spinetti;aspinettibe@wikipedia.org;Male;240.247.159.190
412;Tades;Tallant;ttallantbf@vimeo.com;Male;201.170.133.201
413;Lawton;Sherebrooke;lsherebrookebg@whitehouse.gov;Male;87.29.44.34
414;Wade;Valentinuzzi;wvalentinuzzibh@example.com;Male;183.92.175.147
415;Dugald;Cufley;dcufleybi@bigcartel.com;Male;25.186.34.54
416;Pooh;Baughen;pbaughenbj@creativecommons.org;Male;100.36.235.169
417;Vernor;Voller;vvollerbk@drupal.org;Genderqueer;178.108.98.14
418;Lauritz;Scoles;lscolesbl@intel.com;Male;189.236.89.198
419;Krisha;Lazonby;klazonbybm@pen.io;Male;179.191.162.166
420;Arthur;Szymonwicz;aszymonwiczbn@china.com.cn;Male;117.224.217.241
421;Josh;Chillistone;jchillistonebo@goodreads.com;Male;53.12.181.105
422;Isador;Bernat;ibernatbp@pcworld.com;Male;178.72.153.74
423;Olenolin;Kender;okenderbq@intel.com;Male;7.18.194.236
424;Kennith;Lupton;kluptonbr@ted.com;Male;128.249.65.138
425;Robbie;Lehr;rlehrbs@zdnet.com;Male;77.5.11.223
426;Cathy;Areles;carelesbt@odnoklassniki.ru;Female;200.131.183.77
427;Stan;Jendricke;sjendrickebu@timesonline.co.uk;Male;225.153.176.166
428;Emmerich;Amyes;eamyesbv@blinklist.com;Male;48.60.235.241
429;Madelina;Duiguid;mduiguidbw@answers.com;Female;23.86.91.17
430;Abe;Piscotti;apiscottibx@elegantthemes.com;Male;182.50.236.187
431;Lilah;Shotboult;lshotboultby@arizona.edu;Female;160.136.125.82
432;Tiphani;Goodbody;tgoodbodybz@php.net;Female;148.25.177.186
433;Ode;Whiston;owhistonc0@altervista.org;Male;80.194.70.231
434;Elinore;Gamil;egamilc1@fc2.com;Genderfluid;133.110.38.31
435;Aarika;Ashness;aashnessc2@is.gd;Female;166.93.191.112
436;Giorgi;Gimber;ggimberc3@unblog.fr;Male;60.156.33.108
437;Codi;Le Frank;clefrankc4@facebook.com;Male;95.60.4.82
438;Kylie;Koschke;kkoschkec5@feedburner.com;Female;13.237.132.50
439;Forrest;Maloney;fmaloneyc6@npr.org;Male;64.197.85.2
440;Darla;Haseldine;dhaseldinec7@wiley.com;Female;39.100.163.57
441;Albrecht;Dank;adankc8@vk.com;Male;247.56.154.21
442;Hettie;Older;holderc9@drupal.org;Female;139.90.82.83
443;Jakob;Milverton;jmilvertonca@usa.gov;Male;144.237.77.125
444;Sigismond;Silvers;ssilverscb@forbes.com;Male;164.48.159.13
445;Joice;Geale;jgealecc@sohu.com;Female;83.97.240.244
446;Burt;Aldwick;baldwickcd@springer.com;Male;103.38.44.43
447;Adelbert;Gyurkovics;agyurkovicsce@msu.edu;Bigender;208.5.80.247
448;Karola;Hriinchenko;khriinchenkocf@sun.com;Female;38.89.241.243
449;Phillie;Maguire;pmaguirecg@telegraph.co.uk;Female;252.179.89.229
450;Ettore;Alekseev;ealekseevch@bbc.co.uk;Male;55.86.130.157
451;Dorothy;Digan;ddiganci@ucsd.edu;Female;230.31.145.93
452;Josephina;Sleeman;jsleemancj@marketwatch.com;Genderqueer;203.209.54.223
453;Chaim;Aleshintsev;caleshintsevck@telegraph.co.uk;Male;149.187.253.51
454;Delaney;Dukesbury;ddukesburycl@ftc.gov;Genderfluid;219.47.186.213
455;Thekla;Sherrell;tsherrellcm@nature.com;Female;157.84.160.159
456;Avie;Thomkins;athomkinscn@java.com;Female;106.164.75.2
457;Craig;Hacquard;chacquardco@issuu.com;Male;197.36.188.70
458;Shalom;Kingscote;skingscotecp@phoca.cz;Male;235.119.194.172
459;Wanids;Niccols;wniccolscq@xinhuanet.com;Female;23.61.16.194
460;Verine;Dracksford;vdracksfordcr@bloglines.com;Female;209.149.218.1
461;Steffi;Speir;sspeircs@state.tx.us;Female;86.129.208.175
462;Lisha;Kellough;lkelloughct@nbcnews.com;Female;35.60.83.53
463;Karlan;Atyeo;katyeocu@51.la;Male;0.102.187.24
464;Essa;Risso;erissocv@freewebs.com;Female;5.115.252.171
465;Etienne;Godbolt;egodboltcw@purevolume.com;Polygender;102.82.64.54
466;Jon;Gregoratti;jgregoratticx@ucoz.com;Male;61.32.186.92
467;Darleen;Piet;dpietcy@prweb.com;Female;74.154.51.100
468;Aymer;Cawston;acawstoncz@t.co;Male;62.43.144.146
469;Gusella;McGroarty;gmcgroartyd0@spiegel.de;Female;68.100.9.86
470;Arin;Bleesing;ableesingd1@newyorker.com;Male;152.74.100.29
471;Vale;Ranstead;vransteadd2@myspace.com;Genderfluid;177.149.55.7
472;Dur;Measey;dmeaseyd3@ca.gov;Male;221.74.110.0
473;Tammy;Agerskow;tagerskowd4@businessweek.com;Female;167.145.204.17
474;Maia;Leroy;mleroyd5@sohu.com;Female;65.184.107.20
475;Talyah;Breznovic;tbreznovicd6@ehow.com;Female;148.131.103.159
476;Herculie;Petyakov;hpetyakovd7@gov.uk;Genderfluid;8.247.171.132
477;Orrin;McMillan;omcmilland8@adobe.com;Male;184.12.74.106
478;Salomon;Shutte;sshutted9@intel.com;Male;57.50.44.76
479;Luis;Scutt;lscuttda@github.com;Male;26.129.48.8
480;Egor;Farthing;efarthingdb@squidoo.com;Male;85.238.17.147
481;Silvain;Back;sbackdc@hostgator.com;Male;106.78.155.58
482;Penni;Alessandrini;palessandrinidd@weather.com;Female;214.86.241.213
483;Sashenka;Warin;swarinde@time.com;Female;74.111.114.65
484;Laurella;Lockless;llocklessdf@blinklist.com;Female;168.132.4.238
485;Bertrand;Hoggetts;bhoggettsdg@huffingtonpost.com;Male;4.104.149.37
486;Gordan;Olexa;golexadh@disqus.com;Male;248.50.123.224
487;Beth;Keays;bkeaysdi@thetimes.co.uk;Female;150.246.201.250
488;Joly;Durram;jdurramdj@slate.com;Bigender;246.204.87.179
489;Jarid;Filchagin;jfilchagindk@hexun.com;Agender;173.230.128.242
490;Jacky;Goldin;jgoldindl@harvard.edu;Male;45.101.198.156
491;Malchy;Malan;mmalandm@issuu.com;Male;168.210.205.158
492;Cordula;Trelease;ctreleasedn@nationalgeographic.com;Female;176.243.149.223
493;Guglielma;Cuncliffe;gcuncliffedo@msn.com;Female;34.182.224.174
494;Karim;Hodgins;khodginsdp@qq.com;Male;164.3.162.200
495;Cece;Wyman;cwymandq@reference.com;Polygender;83.52.84.248
496;Ogdon;Fiddler;ofiddlerdr@whitehouse.gov;Male;218.57.44.152
497;August;Neild;aneildds@globo.com;Male;181.235.56.254
498;Jameson;Stampfer;jstampferdt@cbc.ca;Male;23.143.122.88
499;Cyndie;Thatcham;cthatchamdu@chronoengine.com;Female;180.49.247.177
500;Kaitlynn;Owenson;kowensondv@cisco.com;Female;218.217.67.5
501;Betta;Stanistrete;bstanistretedw@indiatimes.com;Female;144.141.104.164
502;Orbadiah;Bauldry;obauldrydx@redcross.org;Male;104.215.72.119
503;Wright;Suarez;wsuarezdy@samsung.com;Male;179.51.165.9
504;Peirce;Wildes;pwildesdz@barnesandnoble.com;Male;124.175.29.207
505;Elwood;Laffin;elaffine0@washington.edu;Male;133.113.226.79
506;Feliza;Oaker;foakere1@squidoo.com;Female;77.142.65.73
507;Augusto;Grace;agracee2@bandcamp.com;Male;29.219.174.182
508;Galen;Ciobutaro;gciobutaroe3@pcworld.com;Male;173.227.191.156
509;Marilin;Tincey;mtinceye4@hud.gov;Female;64.195.118.47
510;Roxanna;Broxholme;rbroxholmee5@fda.gov;Female;150.106.45.208
511;Morty;Sims;msimse6@patch.com;Male;91.5.226.136
512;Jilleen;Hardington;jhardingtone7@sakura.ne.jp;Female;102.48.222.119
513;Ewart;Orlton;eorltone8@disqus.com;Male;120.114.209.216
514;Barbe;Gerault;bgeraulte9@buzzfeed.com;Female;241.211.15.226
515;Alisander;Rodrigues;arodriguesea@webmd.com;Male;242.72.77.224
516;Hayley;Garnsey;hgarnseyeb@yellowpages.com;Female;202.248.148.184
517;Arnie;Donnan;adonnanec@blinklist.com;Male;241.193.93.141
518;Nickie;Frankis;nfrankised@clickbank.net;Female;59.154.47.189
519;Abie;Cassie;acassieee@yelp.com;Male;243.151.131.163
520;Lizzy;Butland;lbutlandef@free.fr;Female;17.32.28.39
521;Lilith;Potier;lpotiereg@hubpages.com;Female;172.210.241.38
522;Ulla;Cozzi;ucozzieh@tinypic.com;Female;206.200.47.92
523;Philip;Ridhole;pridholeei@chron.com;Male;223.133.194.189
524;Jilly;Sorley;jsorleyej@nsw.gov.au;Female;211.110.182.122
525;Clemmie;Moloney;cmoloneyek@naver.com;Male;127.153.113.110
526;Bobina;Colwell;bcolwellel@rambler.ru;Female;10.43.215.56
527;Henriette;Barnet;hbarnetem@europa.eu;Female;111.178.84.94
528;Bendick;Silcox;bsilcoxen@wordpress.org;Male;86.253.250.245
529;Henrik;Radborne;hradborneeo@reference.com;Male;44.166.23.203
530;Filia;Porte;fporteep@state.tx.us;Female;178.255.99.244
531;Florida;Bidgood;fbidgoodeq@comsenz.com;Female;237.128.46.70
532;Trueman;Hartmann;thartmanner@istockphoto.com;Genderfluid;167.186.214.237
533;Dita;Arsmith;darsmithes@elpais.com;Female;198.232.194.214
534;Margeaux;Decourcy;mdecourcyet@ifeng.com;Female;132.55.186.166
535;Franky;Manvelle;fmanvelleeu@ask.com;Agender;215.81.108.254
536;Kiah;Wase;kwaseev@wikimedia.org;Female;149.218.100.183
537;Marietta;Crowch;mcrowchew@yahoo.com;Male;150.104.9.53
538;Roth;Depke;rdepkeex@cornell.edu;Male;249.144.100.169
539;Jaquelyn;Jentgens;jjentgensey@independent.co.uk;Female;79.152.148.242
540;Kaila;Rehm;krehmez@npr.org;Genderqueer;212.48.221.80
541;Beatriz;Corden;bcordenf0@usda.gov;Genderqueer;71.36.68.226
542;Saudra;McCanny;smccannyf1@paypal.com;Female;232.251.130.41
543;Rozalin;McAvaddy;rmcavaddyf2@infoseek.co.jp;Female;237.147.160.196
544;Mort;Donovin;mdonovinf3@google.com.au;Male;134.30.157.49
545;Franciskus;Esmonde;fesmondef4@360.cn;Male;9.24.204.32
546;Curry;Till;ctillf5@examiner.com;Male;137.112.20.131
547;Rance;Bartkowiak;rbartkowiakf6@prnewswire.com;Male;73.47.44.154
548;Becca;Redpath;bredpathf7@foxnews.com;Female;69.115.191.149
549;Bryanty;Ibanez;bibanezf8@soup.io;Male;15.249.188.49
550;Benjy;Aldridge;baldridgef9@ovh.net;Male;170.235.62.202
551;Jolee;Smullin;jsmullinfa@friendfeed.com;Agender;121.208.225.17
552;Haywood;Sheldrake;hsheldrakefb@upenn.edu;Male;176.47.5.221
553;Waldo;Fratson;wfratsonfc@google.com;Male;59.111.226.107
554;Tamqrah;Chesterman;tchestermanfd@umn.edu;Female;27.35.246.132
555;Upton;Sommerland;usommerlandfe@reddit.com;Male;131.213.15.91
556;Elenore;Kowal;ekowalff@alexa.com;Female;148.189.92.176
557;Darbee;Deas;ddeasfg@over-blog.com;Male;60.71.194.233
558;Moselle;Markwick;mmarkwickfh@go.com;Female;127.165.246.159
559;Carmela;Matuszewski;cmatuszewskifi@biglobe.ne.jp;Female;6.101.175.66
560;Cristy;Londsdale;clondsdalefj@storify.com;Female;218.51.81.210
561;Vidovic;Hansford;vhansfordfk@state.tx.us;Male;243.117.159.157
562;Ximenes;Ritchings;xritchingsfl@baidu.com;Genderqueer;230.70.35.128
563;Vere;Skittreal;vskittrealfm@skype.com;Female;101.215.39.128
564;Paule;Bonefant;pbonefantfn@hexun.com;Female;44.26.214.170
565;Olga;Bauduin;obauduinfo@constantcontact.com;Female;31.19.234.216
566;Joey;Pierton;jpiertonfp@sun.com;Male;249.92.131.169
567;Syd;Crevagh;screvaghfq@alibaba.com;Male;4.231.186.115
568;Lyman;Bartolomeotti;lbartolomeottifr@aboutads.info;Male;117.50.217.56
569;Nadia;Brittan;nbrittanfs@google.com.au;Female;122.58.33.239
570;Allison;Seedhouse;aseedhouseft@etsy.com;Female;37.135.58.33
571;Alidia;Messum;amessumfu@netlog.com;Agender;201.171.203.60
572;Samaria;Merill;smerillfv@deviantart.com;Female;49.167.255.1
573;Cristabel;Moralis;cmoralisfw@yale.edu;Female;95.203.37.9
574;Alida;Elliot;aelliotfx@bbb.org;Female;193.140.78.166
575;Tanitansy;Fellona;tfellonafy@nature.com;Female;93.134.107.24
576;Way;Gounel;wgounelfz@google.cn;Male;77.22.29.226
577;Morgen;Goldup;mgoldupg0@mapy.cz;Male;82.156.136.246
578;Jamill;Chessil;jchessilg1@answers.com;Male;23.125.245.50
579;Hyacinth;Merwede;hmerwedeg2@craigslist.org;Female;198.188.159.86
580;Marve;Martinho;mmartinhog3@cpanel.net;Male;112.227.231.88
581;Cull;Petrus;cpetrusg4@alibaba.com;Male;201.113.156.216
582;Ichabod;Tipens;itipensg5@prweb.com;Male;132.14.187.238
583;Rosmunda;Coppard;rcoppardg6@ameblo.jp;Female;138.47.72.188
584;Alleyn;MacFaul;amacfaulg7@forbes.com;Male;203.211.147.240
585;Gardner;Kirk;gkirkg8@is.gd;Male;138.196.122.98
586;Yetta;Vanyushkin;yvanyushking9@last.fm;Female;7.35.17.236
587;Odie;Prandini;oprandiniga@yahoo.com;Male;199.155.213.142
588;Kiele;Batha;kbathagb@prnewswire.com;Female;85.143.132.67
589;Patrick;Czadla;pczadlagc@shareasale.com;Male;85.25.253.145
590;Margaretha;Heimes;mheimesgd@dagondesign.com;Female;149.187.229.53
591;Revkah;Hammand;rhammandge@unicef.org;Female;23.84.43.106
592;Steffen;O'Loinn;soloinngf@ca.gov;Male;165.73.210.196
593;Fremont;Cobleigh;fcobleighgg@loc.gov;Male;229.76.155.12
594;Angela;Soppett;asoppettgh@tumblr.com;Female;105.75.98.33
595;Thebault;Alven;talvengi@wordpress.com;Male;88.53.151.145
596;Rosalie;Raubheim;rraubheimgj@cbc.ca;Female;73.58.72.69
597;Drona;Riddington;driddingtongk@slate.com;Female;36.62.39.184
598;Cecily;Waldocke;cwaldockegl@goo.gl;Female;177.145.23.96
599;Bud;Quidenham;bquidenhamgm@arizona.edu;Male;152.66.113.187
600;Rik;Yeulet;ryeuletgn@mashable.com;Male;80.126.216.137
601;Ethe;Chappelow;echappelowgo@livejournal.com;Male;109.243.235.191
602;Kalle;Crank;kcrankgp@webs.com;Male;39.139.65.42
603;Adolpho;Penbarthy;apenbarthygq@telegraph.co.uk;Male;187.215.39.67
604;Annis;Ditchfield;aditchfieldgr@home.pl;Female;201.182.34.22
605;Jasen;Struan;jstruangs@ameblo.jp;Male;65.238.36.55
606;Delmor;Rennolds;drennoldsgt@admin.ch;Male;30.107.199.181
607;Erhart;Chiles;echilesgu@cornell.edu;Male;218.36.240.182
608;Lucy;Eastwood;leastwoodgv@flickr.com;Female;10.6.156.70
609;Hamilton;Lowman;hlowmangw@photobucket.com;Male;197.173.86.198
610;Shae;Graffin;sgraffingx@about.com;Female;48.157.250.223
611;Kevin;Ronchka;kronchkagy@boston.com;Male;244.220.230.131
612;Frederico;Stoker;fstokergz@bandcamp.com;Male;6.117.159.198
613;Rory;Prudence;rprudenceh0@ca.gov;Male;126.77.226.88
614;Saunders;Leonarde;sleonardeh1@cyberchimps.com;Male;18.228.86.43
615;Theressa;Moscon;tmosconh2@t.co;Female;92.3.145.108
616;Fairleigh;Waltering;fwalteringh3@microsoft.com;Male;95.79.124.96
617;Mohandas;Cogger;mcoggerh4@g.co;Male;199.249.146.214
618;Audie;Lenglet;alengleth5@multiply.com;Bigender;176.179.241.179
619;Pansie;Gleadhell;pgleadhellh6@mit.edu;Genderfluid;98.115.228.101
620;Alvin;Dougher;adougherh7@livejournal.com;Polygender;74.193.146.178
621;Dinah;Biggans;dbiggansh8@plala.or.jp;Female;216.190.161.2
622;Lanita;Adamovich;ladamovichh9@a8.net;Female;141.116.210.184
623;Mose;Allinson;mallinsonha@samsung.com;Male;179.167.168.120
624;Bobbye;Shellsheere;bshellsheerehb@huffingtonpost.com;Female;49.63.50.33
625;Olvan;Kidder;okidderhc@123-reg.co.uk;Male;56.104.15.158
626;Sarge;Balcock;sbalcockhd@nba.com;Male;177.155.203.206
627;Hedda;Shelley;hshelleyhe@exblog.jp;Female;173.88.101.164
628;Nicolette;Grieves;ngrieveshf@opensource.org;Female;239.15.88.132
629;Caleb;Clapston;cclapstonhg@intel.com;Male;201.83.208.60
630;Sandra;Bernhardt;sbernhardthh@google.cn;Agender;78.232.58.103
631;Vanny;Prendergast;vprendergasthi@nyu.edu;Female;11.220.61.39
632;Cornie;Godspede;cgodspedehj@github.com;Male;115.178.228.232
633;Kristofor;Stollmeyer;kstollmeyerhk@wsj.com;Male;82.254.77.159
634;Jacobo;Bedow;jbedowhl@senate.gov;Male;80.162.161.80
635;Harry;Horribine;hhorribinehm@ovh.net;Male;196.76.211.53
636;Geralda;Ebbers;gebbershn@scribd.com;Female;186.164.184.10
637;Kip;Mossdale;kmossdaleho@cisco.com;Male;66.13.49.39
638;Ibrahim;Bourley;ibourleyhp@hhs.gov;Male;43.207.56.86
639;Meghann;Felgate;mfelgatehq@thetimes.co.uk;Female;22.220.140.11
640;Madelina;Wiburn;mwiburnhr@addthis.com;Female;126.85.102.136
641;Molli;Ashelford;mashelfordhs@seattletimes.com;Female;70.157.131.60
642;Gar;Panketh;gpankethht@is.gd;Male;174.6.220.67
643;Leif;Maps;lmapshu@google.pl;Male;151.117.46.181
644;Hart;Tregea;htregeahv@spiegel.de;Male;114.62.153.31
645;Lyman;Benasik;lbenasikhw@hatena.ne.jp;Male;28.82.93.236
646;Alick;Priest;apriesthx@ovh.net;Male;157.32.135.130
647;Brady;Brownsett;bbrownsetthy@upenn.edu;Male;137.0.36.131
648;Emmerich;Pavier;epavierhz@mayoclinic.com;Male;50.41.42.243
649;Cristiano;Vicent;cvicenti0@ehow.com;Male;13.106.33.6
650;Bibbye;Elcy;belcyi1@oakley.com;Female;1.165.165.18
651;Laurianne;Poynser;lpoynseri2@ameblo.jp;Female;161.5.30.240
652;Michelina;Mathers;mmathersi3@mit.edu;Female;211.120.23.69
653;Kenon;Postians;kpostiansi4@squarespace.com;Male;105.187.10.50
654;Lorinda;Pattesall;lpattesalli5@skyrock.com;Female;173.48.183.183
655;Ilario;Phillip;iphillipi6@vimeo.com;Male;14.197.196.94
656;Blondell;Dumbar;bdumbari7@t-online.de;Female;60.209.245.115
657;Wilfrid;Kobpac;wkobpaci8@ucoz.ru;Male;250.39.209.156
658;Laurette;Ryce;lrycei9@google.com;Female;28.153.118.62
659;Cam;Mardle;cmardleia@harvard.edu;Bigender;129.234.0.144
660;Osbourn;Maren;omarenib@adobe.com;Male;130.190.104.165
661;Gertrudis;Cristofanini;gcristofaniniic@histats.com;Female;65.118.68.95
662;York;Teare;yteareid@illinois.edu;Male;250.226.149.237
663;Arlyn;Whysall;awhysallie@chron.com;Female;8.113.165.24
664;Aleksandr;Sesons;asesonsif@artisteer.com;Male;61.182.126.67
665;Heywood;Christoffels;hchristoffelsig@godaddy.com;Male;220.196.9.66
666;Rhonda;Rolfini;rrolfiniih@usda.gov;Female;105.253.243.192
667;Jere;Megson;jmegsonii@newyorker.com;Female;222.62.20.123
668;Claretta;Angliss;canglissij@ameblo.jp;Female;210.89.141.130
669;Breena;Catling;bcatlingik@flavors.me;Non-binary;62.109.178.25
670;Caterina;Truse;ctruseil@discovery.com;Female;244.224.15.246
671;Andre;Madgewick;amadgewickim@google.cn;Male;48.162.94.84
672;Desi;Whibley;dwhibleyin@redcross.org;Male;117.182.237.176
673;Kendrick;Soreau;ksoreauio@simplemachines.org;Male;99.132.39.121
674;Vanessa;Poli;vpoliip@miibeian.gov.cn;Female;243.59.243.136
675;Becky;Kalewe;bkaleweiq@tripadvisor.com;Agender;85.111.144.84
676;Ada;Cottu;acottuir@godaddy.com;Female;9.106.156.157
677;Una;Hassen;uhassenis@wordpress.org;Female;190.187.214.157
678;Raquela;Blastock;rblastockit@tamu.edu;Female;187.57.75.5
679;Helli;Ollier;hollieriu@sakura.ne.jp;Female;40.71.4.201
680;Marylin;Episcopi;mepiscopiiv@istockphoto.com;Female;112.62.163.198
681;Ferd;Geldeard;fgeldeardiw@irs.gov;Male;50.16.137.125
682;Carlo;Guidetti;cguidettiix@spiegel.de;Male;19.46.250.71
683;Fan;Stathor;fstathoriy@furl.net;Female;81.163.182.41
684;Mildred;Meeson;mmeesoniz@tmall.com;Female;242.28.95.155
685;Ariadne;Droogan;adrooganj0@multiply.com;Female;184.71.188.117
686;Lorilee;Mangam;lmangamj1@reuters.com;Female;105.88.48.110
687;Vivia;Brickner;vbricknerj2@apple.com;Female;152.6.105.242
688;Aldric;Hachard;ahachardj3@angelfire.com;Male;105.164.5.91
689;Gilbert;Bane;gbanej4@facebook.com;Male;8.30.78.13
690;Torin;Leates;tleatesj5@flavors.me;Male;22.129.190.65
691;Alexandros;Muggeridge;amuggeridgej6@cbc.ca;Male;133.57.51.63
692;Aloisia;Benedite;abeneditej7@purevolume.com;Female;39.107.134.133
693;Kristofor;Baiss;kbaissj8@fc2.com;Male;60.123.28.192
694;Artur;Hegge;aheggej9@blog.com;Male;45.42.136.43
695;Queenie;Farguhar;qfarguharja@baidu.com;Female;76.140.52.13
696;Hanan;Hixley;hhixleyjb@sourceforge.net;Male;48.15.254.230
697;Adrea;Arkcoll;aarkcolljc@google.it;Female;145.68.74.10
698;Johnette;Crummey;jcrummeyjd@newyorker.com;Female;114.99.122.187
699;Violante;Gregore;vgregoreje@wiley.com;Female;215.230.86.150
700;Lisha;Gillespie;lgillespiejf@slashdot.org;Bigender;153.50.168.88
701;Flora;Gwynn;fgwynnjg@yale.edu;Female;83.126.231.18
702;Jamal;Vlasov;jvlasovjh@dmoz.org;Male;230.171.176.207
703;Maddalena;Threlfall;mthrelfallji@4shared.com;Female;44.97.58.192
704;Hilarius;Heintz;hheintzjj@huffingtonpost.com;Male;162.120.242.166
705;Suzanne;Jahn;sjahnjk@goodreads.com;Female;211.87.159.130
706;Neall;Snazel;nsnazeljl@sun.com;Male;255.183.95.50
707;Clerkclaude;Fleckness;cflecknessjm@howstuffworks.com;Agender;167.229.83.26
708;Marcelline;Bonds;mbondsjn@dyndns.org;Female;230.30.221.30
709;Abraham;Trevaskiss;atrevaskissjo@hugedomains.com;Male;22.36.220.130
710;Raine;Castagnone;rcastagnonejp@nytimes.com;Genderqueer;218.243.100.67
711;Welbie;Boyce;wboycejq@barnesandnoble.com;Male;149.191.94.9
712;Husain;Twells;htwellsjr@fema.gov;Male;144.249.150.25
713;Boycie;Mullinder;bmullinderjs@liveinternet.ru;Male;64.171.232.144
714;Trumann;Sparry;tsparryjt@feedburner.com;Male;230.159.143.112
715;Allie;Yearby;ayearbyju@vimeo.com;Male;8.165.184.55
716;Melvin;Isaac;misaacjv@indiatimes.com;Male;202.97.54.105
717;Chrystel;Senescall;csenescalljw@businessinsider.com;Polygender;136.30.24.61
718;Ava;Holme;aholmejx@e-recht24.de;Female;42.62.199.2
719;Meggi;Sirkett;msirkettjy@naver.com;Female;217.9.81.250
720;Aloin;Grishelyov;agrishelyovjz@yelp.com;Male;78.0.15.216
721;Kacie;Fiske;kfiskek0@abc.net.au;Polygender;110.200.82.98
722;Lila;Cator;lcatork1@youtu.be;Female;104.110.171.135
723;Danila;Leathe;dleathek2@dyndns.org;Agender;111.231.68.205
724;Davon;Blackwood;dblackwoodk3@xinhuanet.com;Male;142.0.167.226
725;Cecilio;Francioli;cfranciolik4@multiply.com;Male;147.15.176.9
726;Stevy;Wakley;swakleyk5@unicef.org;Male;50.174.69.18
727;Verile;Cubbini;vcubbinik6@g.co;Female;175.11.204.220
728;Phaidra;Pettiward;ppettiwardk7@joomla.org;Female;160.172.205.175
729;Trenna;Ridhole;tridholek8@amazon.com;Female;54.61.228.114
730;Neil;Buchan;nbuchank9@google.cn;Male;235.158.19.23
731;Stacy;Bramford;sbramfordka@nyu.edu;Male;122.236.44.190
732;Devi;Shutte;dshuttekb@vistaprint.com;Female;211.117.183.45
733;Yorgos;Cuss;ycusskc@mashable.com;Male;77.195.197.98
734;Lurleen;Sergent;lsergentkd@miitbeian.gov.cn;Female;148.206.2.159
735;Jory;Hagland;jhaglandke@bravesites.com;Male;200.137.47.173
736;Diego;Decent;ddecentkf@comcast.net;Male;249.243.97.129
737;Ellery;Adenot;eadenotkg@netvibes.com;Agender;202.244.104.97
738;Nita;Marsters;nmarsterskh@jimdo.com;Female;152.213.25.27
739;Aurea;Strafford;astraffordki@goo.ne.jp;Female;113.234.226.159
740;Jorge;Neate;jneatekj@fema.gov;Male;11.253.138.114
741;Sheffield;Glynne;sglynnekk@pcworld.com;Male;84.21.186.121
742;Vladamir;Tretter;vtretterkl@reference.com;Male;102.189.85.102
743;Marline;Boness;mbonesskm@nyu.edu;Non-binary;182.231.236.161
744;Izaak;Kensett;ikensettkn@wunderground.com;Male;38.169.194.13
745;Jodie;Hought;jhoughtko@slideshare.net;Female;16.197.183.69
746;Doll;Perillo;dperillokp@samsung.com;Female;112.3.26.135
747;Toinette;Perschke;tperschkekq@yolasite.com;Female;23.58.137.68
748;Winslow;Castelot;wcastelotkr@altervista.org;Male;77.210.6.97
749;Ray;Paumier;rpaumierks@ask.com;Male;207.203.236.198
750;Corina;Brisco;cbriscokt@yahoo.co.jp;Female;104.96.50.61
751;Towney;Gloyens;tgloyensku@rediff.com;Male;219.112.68.85
752;Christopher;Revie;creviekv@storify.com;Male;117.80.237.237
753;Alister;Shipcott;ashipcottkw@webs.com;Male;6.120.158.15
754;Derry;Megroff;dmegroffkx@dedecms.com;Male;216.157.119.143
755;Liva;Archdeckne;larchdeckneky@pinterest.com;Female;214.75.58.61
756;Hesther;Dowell;hdowellkz@nydailynews.com;Female;14.119.169.27
757;Berton;Buterton;bbutertonl0@ft.com;Male;85.13.6.152
758;Jock;Toolin;jtoolinl1@reference.com;Male;231.147.106.15
759;Gerry;Moland;gmolandl2@nytimes.com;Female;113.8.56.255
760;Jakob;Van Baaren;jvanbaarenl3@sun.com;Male;179.36.237.108
761;Issiah;McKeown;imckeownl4@infoseek.co.jp;Male;78.104.4.255
762;Lanie;Germaine;lgermainel5@furl.net;Male;49.133.65.131
763;Tremayne;Kasher;tkasherl6@ebay.co.uk;Male;163.187.238.248
764;Kordula;Merrin;kmerrinl7@businesswire.com;Female;201.239.245.35
765;Misti;Churchley;mchurchleyl8@typepad.com;Genderfluid;43.23.234.166
766;Willard;Parks;wparksl9@yolasite.com;Male;105.149.27.237
767;Rhona;Satterlee;rsatterleela@oakley.com;Female;74.75.238.237
768;Germain;Oakenfall;goakenfalllb@pagesperso-orange.fr;Polygender;55.76.90.46
769;Fonz;Fulbrook;ffulbrooklc@webeden.co.uk;Male;3.224.94.221
770;Michel;Kempster;mkempsterld@godaddy.com;Male;239.232.70.181
771;Bastien;Rickcord;brickcordle@fotki.com;Male;124.26.165.60
772;Jehu;Gawkes;jgawkeslf@t-online.de;Male;47.173.27.37
773;Eddie;Rubinovici;erubinovicilg@posterous.com;Male;29.182.235.41
774;Uta;Bampfield;ubampfieldlh@oaic.gov.au;Non-binary;216.137.100.26
775;Abraham;Hasser;ahasserli@jiathis.com;Male;82.115.169.221
776;Christen;Dibbert;cdibbertlj@mapquest.com;Female;18.165.37.153
777;Kippy;Pitchford;kpitchfordlk@ftc.gov;Female;199.224.42.54
778;Mathew;Clampin;mclampinll@harvard.edu;Male;255.11.80.78
779;Killie;Rylands;krylandslm@sitemeter.com;Male;54.117.61.127
780;Shay;Byres;sbyresln@g.co;Female;189.12.62.3
781;Trisha;Boodle;tboodlelo@nsw.gov.au;Female;45.0.249.137
782;Josiah;Waltering;jwalteringlp@apple.com;Male;105.159.183.81
783;Krysta;Shailer;kshailerlq@smh.com.au;Female;42.182.247.166
784;Ross;Dymoke;rdymokelr@livejournal.com;Male;246.42.130.98
785;Meyer;Bartolomeotti;mbartolomeottils@nsw.gov.au;Male;84.39.42.117
786;Quintana;Broggio;qbroggiolt@nymag.com;Female;14.20.87.87
787;Eadith;Maharry;emaharrylu@mtv.com;Female;50.153.25.58
788;Brodie;Scanes;bscaneslv@cisco.com;Male;82.200.176.145
789;Basilio;Ellerby;bellerbylw@google.com.hk;Male;34.52.205.169
790;Abra;Gossling;agosslinglx@about.com;Female;59.184.200.2
791;Virgie;Krahl;vkrahlly@mtv.com;Male;137.159.207.150
792;Wallace;Luciano;wlucianolz@networksolutions.com;Male;210.74.128.28
793;Brandice;Barraclough;bbarracloughm0@com.com;Female;30.47.3.6
794;Darwin;Hatliffe;dhatliffem1@biblegateway.com;Male;244.227.210.172
795;Pietra;Birt;pbirtm2@mozilla.org;Female;188.137.33.242
796;Valene;Blaxill;vblaxillm3@blinklist.com;Female;156.98.46.186
797;Kalindi;Blewis;kblewism4@fema.gov;Female;172.168.225.181
798;Tades;Nowakowska;tnowakowskam5@japanpost.jp;Male;243.44.123.34
799;Holly;Parkisson;hparkissonm6@mlb.com;Male;188.32.103.157
800;Rowena;Gaitley;rgaitleym7@nps.gov;Female;80.63.158.122
801;Guillermo;Strutley;gstrutleym8@goodreads.com;Male;126.19.166.219
802;Jock;Doctor;jdoctorm9@sohu.com;Male;207.30.159.137
803;Giordano;Roser;groserma@meetup.com;Male;86.52.180.117
804;Sonnie;Jewks;sjewksmb@walmart.com;Female;244.158.61.188
805;Anastasie;Rough;aroughmc@w3.org;Female;239.187.173.209
806;Newton;Hofton;nhoftonmd@1und1.de;Male;165.71.200.120
807;Andrej;Alvarez;aalvarezme@japanpost.jp;Non-binary;164.205.234.174
808;Far;Ferrara;fferraramf@nasa.gov;Male;98.171.97.153
809;Freda;Capewell;fcapewellmg@shareasale.com;Female;20.208.21.81
810;Feliks;Faltin;ffaltinmh@blogs.com;Male;126.12.166.178
811;Nerissa;Valois;nvaloismi@phpbb.com;Female;104.182.148.166
812;Waite;Josefson;wjosefsonmj@constantcontact.com;Male;31.138.163.161
813;Grove;McCullock;gmccullockmk@smh.com.au;Male;193.138.32.24
814;Lyell;Stetson;lstetsonml@timesonline.co.uk;Male;148.111.166.32
815;Emmy;Paynter;epayntermm@spotify.com;Male;12.31.14.239
816;Basia;Zanicchelli;bzanicchellimn@answers.com;Female;217.4.167.189
817;Sterne;Thompkins;sthompkinsmo@amazonaws.com;Male;0.93.167.74
818;Benedikt;Verna;bvernamp@jigsy.com;Male;177.50.155.115
819;Tiebold;Titmarsh;ttitmarshmq@usgs.gov;Male;7.90.176.98
820;Carri;Duro;cduromr@techcrunch.com;Female;194.183.88.108
821;Micky;Griswood;mgriswoodms@e-recht24.de;Male;69.139.88.117
822;Augustine;O'Hederscoll;aohederscollmt@squidoo.com;Polygender;44.92.112.44
823;Ephrem;Tumini;etuminimu@domainmarket.com;Male;91.238.3.65
824;Valaree;Owthwaite;vowthwaitemv@alibaba.com;Female;96.21.21.255
825;Wesley;Rieger;wriegermw@nature.com;Male;14.81.107.174
826;Corene;Paulton;cpaultonmx@deliciousdays.com;Genderfluid;91.141.159.69
827;Isaak;Erricker;ierrickermy@ocn.ne.jp;Male;43.169.118.245
828;Torin;McCallam;tmccallammz@wiley.com;Male;215.140.175.211
829;Graehme;Wardel;gwardeln0@is.gd;Male;255.157.181.9
830;Juan;Moral;jmoraln1@soundcloud.com;Male;227.254.87.201
831;Enoch;Quinney;equinneyn2@ask.com;Polygender;238.216.57.50
832;Carmelita;Gunney;cgunneyn3@livejournal.com;Female;135.207.125.143
833;Dorella;Billinge;dbillingen4@mac.com;Female;73.231.22.151
834;Lorant;Renzini;lrenzinin5@friendfeed.com;Male;53.106.166.119
835;Darius;Burbudge;dburbudgen6@baidu.com;Male;254.190.221.134
836;Dasi;Hallums;dhallumsn7@e-recht24.de;Female;168.214.173.170
837;Clerissa;Ness;cnessn8@dion.ne.jp;Female;133.105.11.154
838;Bernardo;Haslin;bhaslinn9@fastcompany.com;Male;101.98.167.5
839;Pippo;Clues;pcluesna@msu.edu;Male;7.185.166.10
840;Jerry;Dibdale;jdibdalenb@columbia.edu;Bigender;14.28.130.135
841;Sandra;Gager;sgagernc@networkadvertising.org;Female;179.161.81.184
842;Leopold;Spollen;lspollennd@dot.gov;Male;231.67.48.94
843;Stevana;McPharlain;smcpharlainne@google.com.au;Female;43.24.9.14
844;Egan;Walling;ewallingnf@chron.com;Male;148.138.93.57
845;Neysa;Hischke;nhischkeng@google.it;Bigender;152.30.178.250
846;Morey;Sevior;mseviornh@amazon.co.jp;Male;134.151.244.193
847;Garret;Davids;gdavidsni@omniture.com;Polygender;54.244.92.204
848;Denyse;Cisco;dcisconj@wsj.com;Female;193.130.151.176
849;Jerri;Gehrts;jgehrtsnk@marketwatch.com;Male;216.170.78.123
850;Reidar;Beggio;rbeggionl@google.com;Male;63.46.184.254
851;Jenine;Gwinnel;jgwinnelnm@prlog.org;Female;234.189.239.91
852;Amos;Staton;astatonnn@loc.gov;Genderqueer;202.166.182.238
853;Mychal;Scocroft;mscocroftno@marriott.com;Male;7.94.19.8
854;Cad;Loxdale;cloxdalenp@rediff.com;Male;106.60.230.161
855;Bendick;Hayley;bhayleynq@moonfruit.com;Male;165.127.119.0
856;Fraser;Humbie;fhumbienr@msu.edu;Male;20.80.235.189
857;Sandi;Ayre;sayrens@opera.com;Female;86.210.66.179
858;Bernardo;Leavry;bleavrynt@instagram.com;Male;198.242.17.25
859;Carolus;Canland;ccanlandnu@sphinn.com;Male;63.230.249.161
860;Kacey;Freckelton;kfreckeltonnv@oakley.com;Female;50.244.199.70
861;Webster;Baudinot;wbaudinotnw@paypal.com;Male;124.118.106.229
862;Heidi;Treherne;htrehernenx@meetup.com;Female;179.42.162.173
863;Judd;Grissett;jgrissettny@rakuten.co.jp;Agender;143.166.251.119
864;Marcie;Burden;mburdennz@jugem.jp;Female;217.17.189.170
865;Milzie;Codrington;mcodringtono0@twitter.com;Female;87.205.222.21
866;Kimberley;Worshall;kworshallo1@vinaora.com;Female;61.176.57.78
867;Harley;Americi;hamericio2@state.gov;Male;59.68.119.145
868;Melloney;Reddin;mreddino3@msn.com;Female;77.94.244.200
869;Levy;Hewins;lhewinso4@stumbleupon.com;Bigender;109.77.24.86
870;Daniella;Dillintone;ddillintoneo5@bluehost.com;Female;163.142.68.173
871;Elnora;Aiston;eaistono6@netlog.com;Female;142.241.150.94
872;Agretha;De la Feld;adelafeldo7@wordpress.org;Female;207.59.223.251
873;Orsa;Filer;ofilero8@g.co;Female;123.170.229.239
874;Munmro;Swatradge;mswatradgeo9@npr.org;Polygender;54.203.251.166
875;Gale;Joiner;gjoineroa@omniture.com;Female;200.78.42.89
876;Freda;Iverson;fiversonob@xrea.com;Female;67.101.150.108
877;Amelita;Readie;areadieoc@sfgate.com;Female;4.236.163.59
878;Nikolaus;Zanettini;nzanettiniod@umich.edu;Male;163.201.213.178
879;Bertha;Peakman;bpeakmanoe@cdc.gov;Female;244.30.53.57
880;Stesha;Dureden;sduredenof@cpanel.net;Female;66.140.73.112
881;Jennilee;Screeton;jscreetonog@state.tx.us;Female;70.160.221.189
882;Billy;Balchin;bbalchinoh@jimdo.com;Agender;34.41.48.89
883;Hurlee;Aire;haireoi@fotki.com;Male;190.158.242.116
884;Melony;Murrell;mmurrelloj@privacy.gov.au;Female;178.122.131.144
885;Olga;Curm;ocurmok@freewebs.com;Female;74.145.17.69
886;Donny;Fordy;dfordyol@mozilla.com;Female;47.32.142.56
887;Aline;Leveret;aleveretom@webnode.com;Female;212.254.91.44
888;Trista;Mowlam;tmowlamon@unc.edu;Female;138.219.153.35
889;Myrna;Voelker;mvoelkeroo@theguardian.com;Female;150.24.26.142
890;Rolando;Hutchin;rhutchinop@virginia.edu;Male;173.154.222.195
891;Nicol;Lyptrade;nlyptradeoq@qq.com;Male;89.108.29.178
892;Bevvy;McGettrick;bmcgettrickor@cloudflare.com;Female;38.66.225.77
893;Sela;Halversen;shalversenos@cam.ac.uk;Female;210.67.1.153
894;Eal;Badby;ebadbyot@omniture.com;Male;206.51.86.209
895;Zola;Simionato;zsimionatoou@nps.gov;Female;108.58.118.183
896;Tabby;Craufurd;tcraufurdov@hao123.com;Male;73.164.237.100
897;Laura;Lyddiatt;llyddiattow@scientificamerican.com;Female;128.157.219.139
898;Edna;Barwick;ebarwickox@goo.ne.jp;Female;107.61.12.58
899;Kacie;Browell;kbrowelloy@google.co.jp;Female;6.170.37.130
900;Glenine;Tregunnah;gtregunnahoz@berkeley.edu;Female;186.175.226.78
901;Berty;Javes;bjavesp0@instagram.com;Female;116.111.119.19
902;Eleonora;Veal;evealp1@theatlantic.com;Female;154.116.131.13
903;Andrea;Tsarovic;atsarovicp2@un.org;Male;222.25.67.138
904;Peg;Gowans;pgowansp3@tripod.com;Agender;237.60.18.224
905;Adah;Minton;amintonp4@mediafire.com;Female;154.71.30.42
906;Woody;Raymen;wraymenp5@google.co.jp;Agender;132.218.88.177
907;Jemmy;Powdrell;jpowdrellp6@tamu.edu;Polygender;210.218.223.83
908;Clarabelle;Penquet;cpenquetp7@sohu.com;Agender;34.83.163.65
909;Waly;Jozef;wjozefp8@admin.ch;Female;175.93.11.30
910;Jillene;Bunclark;jbunclarkp9@tiny.cc;Female;238.215.219.210
911;Boy;Orth;borthpa@princeton.edu;Male;106.116.200.93
912;Forrester;Hebner;fhebnerpb@bbb.org;Male;26.192.225.22
913;Idalina;Greedy;igreedypc@imdb.com;Female;72.216.239.74
914;Jerome;Sully;jsullypd@patch.com;Male;173.93.204.25
915;Bayard;Veldens;bveldenspe@soundcloud.com;Male;31.143.10.218
916;Moyra;Rounds;mroundspf@tamu.edu;Female;16.185.130.174
917;Alena;Yakovlev;ayakovlevpg@msu.edu;Female;178.186.205.46
918;Casper;Weild;cweildph@csmonitor.com;Male;16.206.51.83
919;Anatole;Meran;ameranpi@google.ca;Male;56.5.176.55
920;Braden;Dahl;bdahlpj@blogs.com;Male;20.236.222.154
921;Shelley;Morehall;smorehallpk@jigsy.com;Bigender;194.250.51.153
922;Panchito;Romain;promainpl@intel.com;Male;41.239.51.70
923;Skelly;Dollman;sdollmanpm@ning.com;Male;87.52.209.209
924;Peggi;Hickisson;phickissonpn@businessinsider.com;Female;227.174.176.137
925;Charissa;Braywood;cbraywoodpo@sun.com;Genderfluid;194.177.204.142
926;Ines;Batten;ibattenpp@liveinternet.ru;Female;81.164.199.170
927;Kylie;Lattimer;klattimerpq@unc.edu;Male;128.221.73.216
928;Durand;Peabody;dpeabodypr@over-blog.com;Male;121.159.166.57
929;Marshall;Moulton;mmoultonps@elegantthemes.com;Male;160.133.237.219
930;Maxi;Weigh;mweighpt@example.com;Female;28.248.251.5
931;Joseph;Arnaldo;jarnaldopu@dion.ne.jp;Male;118.99.240.5
932;Coletta;McGuffog;cmcguffogpv@prweb.com;Female;100.238.183.150
933;Felike;Hercock;fhercockpw@51.la;Male;65.231.16.201
934;Filippo;Baylay;fbaylaypx@vkontakte.ru;Male;135.181.134.171
935;Pryce;Stribling;pstriblingpy@cnet.com;Male;234.145.23.116
936;Lemmy;McSkeagan;lmcskeaganpz@lycos.com;Male;217.140.61.107
937;Hedi;Hodge;hhodgeq0@msn.com;Female;108.233.119.114
938;Itch;Brattan;ibrattanq1@google.com;Male;63.203.210.17
939;Cassi;Caro;ccaroq2@sciencedirect.com;Female;189.137.6.41
940;Benita;Este;besteq3@cbc.ca;Female;199.219.219.124
941;Thibaut;Harley;tharleyq4@google.nl;Male;83.86.84.76
942;Darrick;Chesson;dchessonq5@boston.com;Male;242.100.140.247
943;Anna;Gladwin;agladwinq6@github.io;Female;146.195.17.142
944;Cristina;Downgate;cdowngateq7@cnet.com;Female;69.171.51.94
945;Miquela;Pilmer;mpilmerq8@shutterfly.com;Female;126.122.201.68
946;Bryant;Castledine;bcastledineq9@taobao.com;Male;175.64.2.209
947;Frannie;Nussgen;fnussgenqa@china.com.cn;Male;12.26.104.99
948;Helyn;Cristofvao;hcristofvaoqb@sciencedaily.com;Female;35.81.234.184
949;Shalne;Warlowe;swarloweqc@squidoo.com;Female;0.33.135.238
950;Randall;Matteau;rmatteauqd@feedburner.com;Male;154.31.216.25
951;Jerrold;Reinard;jreinardqe@delicious.com;Male;136.179.101.222
952;Rustin;Greenroyd;rgreenroydqf@mac.com;Male;98.94.130.4
953;Jammal;Mauser;jmauserqg@uiuc.edu;Male;229.208.150.31
954;Johann;Grima;jgrimaqh@imageshack.us;Male;147.111.202.98
955;Yetty;Peris;yperisqi@canalblog.com;Female;151.255.9.7
956;Benjy;Fenning;bfenningqj@loc.gov;Male;86.200.99.74
957;Freddi;Raynard;fraynardqk@t-online.de;Female;147.104.168.139
958;Donni;Ranfield;dranfieldql@blogger.com;Female;108.168.200.91
959;Mitchel;Raggles;mragglesqm@home.pl;Male;137.190.102.185
960;Sallee;Solon;ssolonqn@goodreads.com;Female;61.56.122.4
961;Brien;Enders;bendersqo@slashdot.org;Male;254.123.121.161
962;Moshe;Perry;mperryqp@sourceforge.net;Male;0.22.36.50
963;Jude;Jeanel;jjeanelqq@csmonitor.com;Male;218.17.156.183
964;Freeland;Braz;fbrazqr@globo.com;Male;205.13.75.253
965;Elladine;Kewley;ekewleyqs@nasa.gov;Genderfluid;125.104.12.116
966;Candida;Anthoney;canthoneyqt@github.com;Female;210.92.123.211
967;Dukey;McElhargy;dmcelhargyqu@about.me;Male;53.243.83.72
968;Cecilius;Eskriett;ceskriettqv@comsenz.com;Polygender;48.176.219.169
969;Gard;Elecum;gelecumqw@cornell.edu;Male;165.88.184.123
970;Helene;Goublier;hgoublierqx@unesco.org;Female;141.240.79.85
971;Rodolfo;Scroggs;rscroggsqy@delicious.com;Male;100.27.231.15
972;Obidiah;Miko;omikoqz@wisc.edu;Male;104.210.126.12
973;Boniface;Runnacles;brunnaclesr0@instagram.com;Male;98.4.132.94
974;Hedi;Daveridge;hdaveridger1@ted.com;Female;242.198.74.210
975;Jo-ann;Pocknell;jpocknellr2@goo.ne.jp;Female;146.144.57.198
976;Fiona;Roisen;froisenr3@shop-pro.jp;Female;7.43.54.210
977;Meier;Hutcheons;mhutcheonsr4@youku.com;Male;117.213.225.66
978;Ilsa;Lambert;ilambertr5@pagesperso-orange.fr;Female;76.244.22.98
979;Cyndia;Van Son;cvansonr6@cmu.edu;Female;24.79.61.121
980;Glendon;Rielly;griellyr7@nbcnews.com;Bigender;148.27.241.255
981;Dannel;Crinage;dcrinager8@ftc.gov;Male;132.85.166.46
982;Shaun;Hallstone;shallstoner9@slate.com;Female;152.106.50.66
983;Bobbye;Perring;bperringra@mail.ru;Female;234.174.217.37
984;Keenan;Bruntjen;kbruntjenrb@woothemes.com;Agender;146.89.36.46
985;Idelle;Tanner;itannerrc@google.ca;Female;13.86.240.105
986;Ruthie;Sandry;rsandryrd@prlog.org;Female;42.28.248.196
987;Ebony;Hallitt;ehallittre@t.co;Female;182.175.105.153
988;Cal;Fantham;cfanthamrf@jimdo.com;Female;141.18.38.72
989;Geoffry;Lacelett;glacelettrg@freewebs.com;Non-binary;146.57.119.103
990;Cchaddie;Udey;cudeyrh@vk.com;Male;116.242.230.220
991;Tobit;Handrik;thandrikri@webs.com;Male;8.19.54.94
992;Anna;Sunock;asunockrj@bing.com;Female;4.83.82.53
993;Dasya;Dohmann;ddohmannrk@addtoany.com;Polygender;146.8.158.240
994;Carine;Cranston;ccranstonrl@ifeng.com;Female;141.155.145.59
995;Ardyce;Favelle;afavellerm@lulu.com;Female;38.213.234.52
996;Modestine;Raden;mradenrn@yandex.ru;Genderfluid;184.239.127.41
997;Marisa;Edgell;medgellro@intel.com;Female;45.13.62.12
998;Stavros;Yurenev;syurenevrp@behance.net;Male;30.68.186.49
999;Araldo;Lusted;alustedrq@webs.com;Male;63.24.50.220
1000;Jackson;Wadhams;jwadhamsrr@squarespace.com;Male;11.92.26.19
